Filename, Last modified, Upstream Last modified, Up to date
l10n/override/zh_CN/_includes/homepage-video-band.html, 2022-05-15 04:29:34 +0000, 2019-11-04 22:19:28 +0000, OK
l10n/override/zh_CN/_includes/publication-entries.html, 2022-05-18 00:31:44 +0000, 2021-12-01 20:34:05 +0000, OK
l10n/override/zh_CN/_includes/recent-posts-band.html, 2022-06-09 14:21:01 +0000, 2022-06-02 18:17:51 +0000, OK
l10n/override/zh_CN/blog.md, 2022-05-15 04:29:34 +0000, 2021-05-20 08:48:44 +0000, OK
l10n/override/zh_CN/_guides/guides.md, 2022-05-15 04:29:34 +0000, 2021-05-20 08:48:44 +0000, OK
l10n/override/zh_CN/_layouts/extensions.html, 2022-05-15 04:29:34 +0000, 2019-08-01 09:53:08 +0000, OK
l10n/override/zh_CN/_layouts/guides.html, 2022-05-21 16:42:48 +0000, 2021-12-22 16:02:43 +0000, OK
l10n/override/zh_CN/_layouts/guides-index.html, 2022-05-21 16:42:48 +0000, 2022-01-25 12:24:24 +0000, OK
l10n/override/zh_CN/_layouts/insights.html, 2022-05-15 04:29:34 +0000, 2021-12-01 20:34:05 +0000, OK
l10n/override/zh_CN/_layouts/quarkus2.html, 2022-05-15 04:29:34 +0000, 2021-12-01 20:34:05 +0000, OK
l10n/override/zh_CN/CNAME, 2022-06-08 18:48:15 +0000, 2019-03-07 11:48:18 +0000, OK
l10n/override/zh_CN/_data/projectfooter.yaml, 2022-08-08 02:18:11 +0000, 2022-08-04 07:43:49 +0000, OK
